"ModulesID","Parent","IsParent","Status","MenuOrder","viewName","Name","Link"
"1000","0","0","0","1","Customer Relation","Customer Relation","#"
"1046","0","0","0","2","Vendor Relation","Vendor Relation","#"
"1052","0","0","0","4","Inventory","Inventory","#"
"1054","0","0","0","3","Field Service","Field Service","#"
"1060","0","0","0","5","Accounts","Accounts","#"
"1067","0","0","0","6","Human Resources","Human Resources","#"
"1069","0","0","0","7","Settings","Company","#"
"234343600","0","0","0","8","Real Estate","Real Estate","#"
"234343700","0","0","0","9","EOS","EOS","#"
"158","28","1","0","100","Create Tax","Create Tax","/Tax/Create"
"159","28","1","0","100","Edit Tax","Edit Tax","/Tax/Edit"
"292","47","1","0","10","Customer Item Wise","Sales Customer ItemWise","/SalesReport/CustomerItemWise"
"6047","47","1","0","9","Sales Report - Salesman / Sales Executive ","Sales Report - Salesman / Sales Executive ","/SalesReport/employeesales"
"6048","47","1","0","8","Sales Profit - Department","Sales Profit - Department","/SalesReport/SalesProfitdepartment"
"72","71","1","0","0","Recievable Outstanding","Recievable Outstanding","/MyReports/Receivable"
"73","71","1","0","1","Payable Outstanding","Payable Outstanding","/MyReports/Payable"
"416","71","1","0","3","Cust. Outstanding Salesman wise","Amount ReceivablePayable","/MyReports/AmountReceivablePayable"
"429","71","1","0","4","Purchase Order Outstanding","POrder Outstanding","/MyReports/POrderOutstanding"
"430","71","1","0","5","Sales Order Outstanding","SOrder Outstanding","/MyReports/SOrderOutstanding"
"6040","71","1","0","5","Amount Receivable & Payable","Amount ReceivablePayable model2","/MyReports/AmountReceivablePayable2"
"6046","71","1","0","4","Cust. Outstanding Sales Exec. wise","Cust. Outstanding Sales Exec. Wise","/MyReports/AmountReceivablePayable3"
"6105","71","1","0","1","Sales Ledger","Sales Ledger","/MyReports/ReceivableLedger"
"6113","71","1","0","3","Supplier Payment Clear","Supplier Payment Clear","/MyReports/PayableClear"
"234343459","71","1","0","2","Amount Receivable Sales Man List","Amount Receivable Sales Man List","/MyReports/AmountReceivablePayablesalesman"
"492","80","1","1","10","Sticker Printing","Sticker Printing","/PackingList/Sticker"
"222","81","1","0","100","Delete Contact","Delete Contact","/Contact/Delete"
"11","212","1","0","1","Create","Pro Forma Entry","/ProForma/Create"
"12","212","0","0","2","List","Pro Forma List","/ProForma/Index"
"13","213","1","0","1","Create","Deliverynote Entry","/Deliverynote/Create"
"14","213","0","0","2","List","Deliverynote List","/Deliverynote/Index"
"87","224","0","0","2","List","Sales Executives List","/SalesExecutive/Index"
"188","224","1","0","1","Create","Create Sales Executive","/SalesExecutive/Create"
"189","224","1","0","100","Edit Sales Executive","Edit Sales Executive","/SalesExecutive/Edit"
"190","224","1","0","100","Delete Sales Executive","Delete Sales Executive","/SalesExecutive/Delete"
"231","230","1","0","1","Create","Create JobCard","/JobCard/Create"
"232","230","0","0","2","List","JobCard List","/JobCard/Index"
"238","230","1","0","2223","JobCard Setting","JobCard Setting","/JobCard/JobCardSetting"
"233","232","1","0","100","Edit JobCard","Edit JobCard","/JobCard/Edit"
"235","232","1","0","100","View JobCard","View JobCard","/JobCard/Details"
"234343434","232","1","0","100","Delete JobCard","Delete JobCard","/JobCard/Delete"
"246","245","0","0","2","List","Production List","/Production/Index"
"247","245","1","0","1","Create","Create Production","/Production/Create"
"248","246","1","0","1","Edit","Edit Production","/Production/Edit"
"249","246","1","0","10","Delete","Delete Production","/Production/Delete/"
"250","246","1","0","10","View","View Production","/Production/Details/"
"252","251","0","0","2","List","Unassemble List","/Unassemble/Index"
"253","251","1","0","1","Create","Create Unassemble","/Unassemble/Create"
"254","252","1","0","1","Edit","Edit Unassemble","/Unassemble/Edit"
"255","252","1","0","10","Delete","Delete Unassemble","/Unassemble/Delete/"
"256","252","1","0","10","View","View Unassemble","/Unassemble/Details/"
"284","283","0","0","1","Item List","Item List","#"
"1069","283","1","0","4","Database Backup","Database Backup","/BackUpRestore/BackUp"
"285","284","1","0","1","Show Sales Price","ItemSalesPrice","#"
"286","284","1","0","2","Show Purchase Price","ItemPurchasePrice","#"
"287","284","1","0","3","Show Last Sale Price","ItemlastSalesPrice","#"
"288","284","1","0","3","Show Last Purchase Price","ItemlastPurchasePrice","#"
"295","294","1","0","1","Create","Create FileDocument","/FileDocument/Create"
"296","294","0","0","2","List","FileDocument List","/FileDocument/Index"
"298","294","1","0","100","Delete","Delete FileDocument","/FileDocument/Delete"
"234343587","294","1","0","10","My documents","My documents","/FileDocument/myfiles"
"234343588","294","1","0","10","Change assign person","Change assign person","/Customer/movedocumentassign"
"297","296","1","0","100","Edit","Edit FileDocument","/FileDocument/Edit"
"299","296","1","0","100","Download","Download FileDocument","/FileDocument/DownloadFile"
"337","336","1","0","100","Create","Create Prefix","/PrefixMaster/Create"
"338","336","1","0","100","Edit","Edit Prefix","/PrefixMaster/Edit"
"339","336","1","0","100","Delete","Delete Prefix","/PrefixMaster/Delete"
"341","340","1","0","100","Create","Create Currency","/CurrencyMaster/Create"
"342","340","1","0","100","Edit","Edit Currency","/CurrencyMaster/Edit"
"343","340","1","0","100","Delete","Delete Currency","/CurrencyMaster/Delete"
"345","344","1","0","1","Create","Create StockVerification","/StockVerification/Create"
"346","344","0","0","2","List","StockVerification List","/StockVerification/Index"
"347","346","1","0","100","Edit","Edit StockVerification","/StockVerification/Edit"
"348","346","1","0","100","Delete","Delete StockVerification","/StockVerification/Delete"
"349","346","1","0","100","View","View StockVerification","/StockVerification/Details"
"352","351","1","0","5"," Cash Or Credit","CashOrCredit SaleSummary","/SalesReport/CashOrCredit"
"635","351","1","0","10","Customer ItemWise","CustomerItemWiseSummary","/SalesReport/CustomerItemWiseSummary"
"476","364","0","0","3","Project Status","ProjectStatus","/ProjectStatus/Index"
"400","399","0","0","2","List","HireReturn List","/HireReturn/Index"
"401","399","1","0","1","Create","HireReturn Entry","/HireReturn/Create"
"402","400","1","0","100","Edit HireReturn","Edit HireReturn","/HireReturn/Edit"
"403","400","1","0","100","Delete HireReturn","Delete HireReturn","/HireReturn/Delete"
"404","400","1","0","100","View HireReturn","View HireReturn"," /HireReturn/Details"
"405","400","1","0","100","Download HireReturn","Download HireReturn","/HireReturn/Download"
"413","400","1","0","100","All HireReturn Entry","All HireReturn Entry","#"
"408","407","1","0","1","As On Date","HireStock As On Date","/HireStockReport/OnDate"
"409","407","1","0","0","Till Date","Till Date HireStock","/HireStockReport/Index"
"410","407","1","0","2","Item Wise","HireStock Item Wise","/HireStockReport/ItemWise"
"411","407","1","0","3","Category Wise","HireStock Category Wise","/HireStockReport/CategoryWise"
"412","407","1","0","4","Brand Wise","HireStock Brand Wise","/HireStockReport/BrandWise"
"425","424","1","0","1","Create","PackingList Create","/PackingList/Create"
"426","424","0","0","2","List","PackingList List","/PackingList/Index"
"427","426","1","0","100","Edit","Edit PackingList","/PackingList/Edit"
"428","426","1","0","100","Delete","Delete PackingList","/PackingList/Delete"
"1048","433","1","0","100","All PurchaseQuotation Entry","All PurchaseQuotation Entry","#"
"456","455","1","0","1","Create","MRNote Entry","/MRNote/Create"
"457","455","0","0","2","List","MRNote List","/MRNote/Index"
"458","457","1","0","100","Edit","Edit MRNote","/MRNote/Edit"
"459","457","1","0","100","View","View MRNote","/MRNote/Details"
"460","457","1","0","100","Delete","Delete MRNote","/MRNote/Delete"
"461","457","1","0","100","Download","Download MRNote","/MRNote/Download"
"465","464","0","0","1","Create","MaterialRequisition Entry","/MaterialRequisition/Create"
"466","464","0","0","2","List","MaterialRequisition List","/MaterialRequisition/Index"
"6085","464","1","0","101","override material requisition","override material requisition","#"
"6086","464","1","0","3","Approvals","Approvals","/MaterialRequisition/ApprovalList"
"467","466","1","0","100","Edit","Edit MaterialRequisition","/MaterialRequisition/Edit"
"468","466","1","0","100","Details","View MaterialRequisition","/MaterialRequisition/Details"
"469","466","1","0","100","Delete","Delete MaterialRequisition","/MaterialRequisition/Delete"
"470","466","1","0","100","Download","Download MaterialRequisition","/MaterialRequisition/Download"
"1048","466","1","0","100","All MaterialRequisition Entry","All MaterialRequisition Entry","#"
"473","472","0","0","1","Create","ChequePrinting Entry","/ChequePrinting/Create"
"474","472","0","0","2","List","ChequePrinting List","/ChequePrinting/Index"
"475","474","1","0","100","Delete","Delete ChequePrinting","/ChequePrinting/Delete"
"477","476","1","0","100","Create","Create ProjectStatus","/ProjectStatus/Create"
"478","476","1","0","100","Edit","Edit ProjectStatus","/ProjectStatus/Edit"
"479","476","1","0","100","Delete","Delete ProjectStatus","/ProjectStatus/Delete"
"491","490","1","0","10","P&L Summery","P&L Summery","/MyReports/PLSummary"
"493","490","1","0","10","Project Profitability","Project Profitability","/MyReports/ProjectProfitability"
"545","544","1","0","1","Create","Create PipeLine","/PipeLine/Create"
"546","544","0","0","2","List","PipeLine List","/PipeLine/Index"
"550","544","1","0","3","MyPipeline","MyPipeline","/PipeLine/MyPipeline"
"547","546","1","0","100","Edit","Edit PipeLine","/PipeLine/Edit"
"548","546","1","0","100","Delete","Delete PipeLine","/PipeLine/Delete"
"549","546","1","0","100","View","View PipeLine","/PipeLine/Details"
"554","553","0","0","1","Create","CrossHireReturn Entry","/CrossHireReturn/Create"
"556","553","0","0","10","List","CrossHireReturn List","/CrossHireReturn/Index"
"583","553","1","1","100","All CrossHireReturn","All CrossHireReturn","#"
"555","556","1","0","2","Edit","Edit CrossHireReturn","/CrossHireReturn/Edit"
"557","556","1","0","10","Delete","Delete CrossHireReturn","/CrossHireReturn/Delete"
"558","556","1","0","10","Details","View CrossHireReturn","/CrossHireReturn/Details"
"438","559","1","0","16","SalesReturn ItemWise","SalesReturn ItemWise","/MyReports/SalesReturnItemWise"
"560","559","1","0","10","Item Wise","SalesReturn Item Wise","/SalesReturnReport/ItemWise"
"561","559","1","0","10","Customer ItemWise","SalesReturn Customer ItemWise","/SalesReturnReport/CustomerItemWise"
"562","559","1","0","10","Category Wise","SalesReturn Category Wise","/SalesReturnReport/CategoryWise"
"563","559","1","0","10","Customer Wise","SalesReturn Customer Wise","/SalesReturnReport/CustomerWise"
"564","559","1","0","10","Executive Wise","SalesReturn Executive Wise","/SalesReturnReport/ExecutiveWise"
"565","559","1","0","10","Brand Wise","SalesReturn Brand Wise","/SalesReturnReport/BrandWise"
"566","559","1","0","10","Invoice ItemWise","SalesReturn Invoice ItemWise","/SalesReturnReport/InvoiceItemWise"
"6107","559","1","0","1","All Sales Return","All Sales Return","/SalesReport/AllSalesReturn"
"234343443","559","1","0","1","Sales Return Profit","Sales Return Profit","/SalesReturnReport/salesprofit"
"568","567","1","0","10","Brand Wise","PurchaseReturn Brand Wise","/PurchaseReturnReport/BrandWise"
"569","567","1","0","10","Item Wise","PurchaseReturn Item Wise","/PurchaseReturnReport/ItemWise"
"570","567","1","0","10","Supplier Wise","PurchaseReturn Supplier Wise","/PurchaseReturnReport/SupplierWise"
"571","567","1","0","10","Supplier ItemWise","PurchaseReturn Supplier ItemWise","/PurchaseReturnReport/SupplierItemWise"
"572","567","1","0","10","Category Wise","PurchaseReturn Category Wise","/PurchaseReturnReport/CategoryWise"
"573","567","1","0","10","Invoice ItemWise","PurchaseReturn Invoice ItemWise","/PurchaseReturnReport/InvoiceItemWise"
"574","567","1","0","10","Executive Wise","PurchaseReturn Executive Wise","/PurchaseReturnReport/ExecutiveWise"
"6108","567","1","0","1","All Purchase Return","All Purchase Return","/PurchaseReport/Allpurchasereturn"
"620","598","0","1","1","Attendance","Attendance","#"
"625","598","0","0","6"," Salary Structure","SalaryStructure","#"
"630","598","0","0","3"," Payroll Voucher","PayrollVoucher","#"
"600","599","1","0","2","Edit PayrollUnits","Edit PayrollUnits","#"
"601","599","1","0","3","Delete PayrollUnits","Delete PayrollUnits","#"
"602","599","1","0","1","Create PayrollUnits","Create PayrollUnits","#"
"604","603","1","0","2","Create AttendanceType","Create AttendanceType","#"
"605","603","1","0","3","Edit AttendanceType","Delete AttendanceType","#"
"606","603","1","0","2","Edit AttendanceType","Edit AttendanceType","#"
"608","607","1","0","100","Create","Create EmployeeGrade","/Hr/EmployeeGrade/Create"
"609","607","1","0","100","Edit","Edit EmployeeGrade","/Hr/EmployeeGrade/Edit"
"610","607","1","0","100","Delete","Delete EmployeeGrade","/Hr/EmployeeGrade/Delete"
"612","611","1","0","100","Create","Create WorkShift","/Hr/WorkShift/Create"
"613","611","1","0","100","Edit","Edit WorkShift","/Hr/WorkShift/Edit"
"614","611","1","0","100","Delete","Delete WorkShift","/Hr/WorkShift/Delete"
"616","615","1","0","2","List","Payhead List","/Hr/Payhead"
"617","615","1","0","1","Create","Create Payhead","/Hr/Payhead/Create"
"618","615","1","0","3","Edit Payhead","Edit Payhead","#"
"619","615","1","0","4","Delete Payhead","Delete Payhead","#"
"621","620","1","0","1","Create","Create Attendance","/Hr/Attendance/Create"
"622","620","0","0","2","List","Attendance List","/Hr/Attendance/Index"
"623","622","1","0","100","Edit","Edit Attendance","/Hr/Attendance/Edit"
"624","622","1","0","100","Delete","Delete Attendance","/Hr/Attendance/Delete"
"626","625","1","0","1","Create","Create SalaryStructure","/Hr/SalaryStructure/Create"
"627","625","0","0","2","List","SalaryStructure List","/Hr/SalaryStructure/Index"
"628","627","1","0","100","Edit","Edit SalaryStructure","/Hr/SalaryStructure/Edit"
"629","627","1","0","100","Delete","Delete SalaryStructure","/Hr/SalaryStructure/Delete"
"631","630","1","0","1","Create","Create PayrollVoucher","/Hr/PayrollVoucher/Create"
"632","630","0","0","2","List","PayrollVoucher List","/Hr/PayrollVoucher/Index"
"633","632","1","0","100","Edit","Edit PayrollVoucher","/Hr/PayrollVoucher/Edit"
"634","632","1","0","100","Delete","Delete PayrollVoucher","/Hr/PayrollVoucher/Delete"
"647","646","1","0","1","Create","Create DailyAttendance","/Hr/DailyAttendance/Create"
"648","646","0","0","2","List","DailyAttendance List","/Hr/DailyAttendance/Index"
"234343437","646","1","0","10","Attendance Report","Attendance Report","/hr/AttendanceReport/AttendanceSheet"
"649","648","1","0","100","Delete","Delete DailyAttendance","/Hr/DailyAttendance/Delete"
"656","655","1","0","1","Create","Create Branch","/Branch/Create"
"657","655","0","0","2","List","Branch List","/Branch/Index"
"658","657","1","0","100","Edit","Edit Branch","/Branch/Edit"
"659","657","1","0","100","Delete","Delete Branch","/Branch/Delete"
"599","660","0","0","1","Payroll Units","PayrollUnits","/Hr/PayrollUnit"
"603","660","0","0","2","AttendanceType","AttendanceType","/Hr/AttendanceType"
"607","660","0","0","4","Employee Grade ","EmployeeGrade List","/Hr/EmployeeGrade"
"611","660","0","0","6","Work Shift","WorkShift List","/Hr/WorkShift"
"615","660","0","0","3","Payhead","Payhead","#"
"662","661","1","0","1","Pay Slip","PaySlip","/Hr/PayrollReport/PaySlip"
"663","661","1","0","2","Pay Sheet","PaySheet","/Hr/PayrollReport/PaySheet"
"664","661","1","0","3","Payroll Statement","PayrollStatement","/Hr/PayrollReport/PayrollStatement"
"665","661","1","0","4","Payment Advice","PaymentAdvice","/Hr/PayrollReport/PaymentAdvice"
"666","661","1","0","5","Payroll Register","PayrollRegister","/Hr/PayrollReport/PayrollRegister"
"667","661","1","0","6","Employee Pay Head Breakup","EmpPayHeadBreakup","/Hr/PayrollReport/EmpPayHeadBreakup"
"668","661","1","0","7","Pay Head Employee Breakup","PayHeadEmpBreakup","/Hr/PayrollReport/PayHeadEmpBreakup"
"670","669","1","0","1","Create","Create FinalSettlement","/Hr/FinalSettlement/Create"
"671","669","1","0","3","Edit FinalSettlement","Edit FinalSettlement","/Hr/FinalSettlement/Edit"
"672","669","1","0","2","List","FinalSettlement List","/Hr/FinalSettlement/Index"
"673","669","1","0","4","Delete","Delete FinalSettlement","/Hr/FinalSettlement/Delete"
"1001","1000","1","0","2","DashBoard","Dashboard1","/Leads/dashboard"
"1002","1000","0","0","3","Master","Master","#"
"1021","1000","0","0","22","Transaction","Transaction1","#"
"1032","1000","0","0","33","Report","Report","#"
"1033","1000","0","0","34","Configuration","Configuration1","#"
"234343442","1000","1","0","10","Customer Credit Limit Visibile","Customer Credit Limit Visibile","@"
"107","1002","1","0","100","Edit Customer","Edit Customer","/Customer/Edit"
"108","1002","1","0","100","Delete Customer","Delete Customer","/Customer/Delete"
"109","1002","1","0","100","View Customer","View Customer","/Customer/ViewDetails"
"414","1002","1","0","100","All Customers","All Customers","#"
"414","1002","1","0","101","State / Emirates","StateEmirates","/State/Index"
"1003","1002","0","0","4","Customer","CustomerParent","#"
"1006","1002","0","0","-2","Contact"," Contact","#"
"1011","1002","1","0","12","Contact Type","Contact Type","/ContactType/Index"
"1013","1002","1","0","14","Location","Location","/Location/Index"
"1014","1002","1","0","15","Leads Type","Leads Type","/LeadType/Index"
"1017","1002","1","0","18","Lead Level","Lead Level","/LeadLevel/Index"
"1018","1002","1","0","19","Lead Condition","Lead Condition","/LeadCondition/Index"
"1019","1002","1","0","20","Rejection","Reason For Rejection","/LeadRejection/Index"
"1182","1002","0","0","5","Lead Status","LeadStatus","/LeadStatus/Index"
"1183","1002","1","0","100","Create","Create LeadStatus","/LeadStatus/Create"
"1184","1002","1","0","100","Edit","Edit LeadStatus","/LeadStatus/Edit"
"1185","1002","1","0","100","Delete","Delete LeadStatus","/LeadStatus/Delete"
"1186","1002","0","0","6","Source Of Lead","SourceOfLead List","/SourceOfLead/Index"
"1187","1002","1","0","100","Create","Create SourceOfLead","/SourceOfLead/Create"
"1188","1002","1","0","100","Edit","Edit SourceOfLead","/SourceOfLead/Edit"
"1189","1002","1","0","100","Delete","Delete SourceOfLead","/SourceOfLead/Delete"
"1189","1002","0","0","4","Contact Group","Contact Group List","/ContactGroup/Index"
"1315","1002","0","0","6","Team","Task Team List","/Team/Index"
"3000","1002","1","0","102","Document Type","documenttype","/property/DocumentType"
"6058","1002","1","0","1","Quotation Type","Quotation Type","/QuotationType/Index"
"234343589","1002","1","0","-1","Service Type","Service Type","/ServiceType/Index"
"1005","1003","1","0","6","List","Customer","/Customer/Index"
"6006","1003","1","0","1","Create","Create Customer","/Customer/Create"
"6080","1003","1","0","10","Customer Type","Customer type","/CustomerType/Index"
"6082","1003","1","0","11","Customers with no transactions","Customers with no transactions","/CustomerReport/CustomerWises"
"6096","1003","1","0","101","Override Customer Credit Limit","Override Customer Credit Limit","#"
"234343461","1003","1","0","10","Change Sales Person From Customer","Change Sales Person From Customer","/Customer/MoveSalesPerson"
"234343496","1003","1","0","10","Update Customer Contacts","Update Customer Contacts","#"
"234343509","1003","1","0","20","Customer Merge List","Customer Merge List","/customermerge/index"
"234343510","1003","1","0","21","Create Customer Merge","Create Customer Merge","#"
"234343511","1003","1","0","22","Delete Customer Merge","Delete Customer Merge","#"
"234343566","1003","1","0","10","Edit Password","Edit Password","#"
"81","1006","0","0","2","List","Contact List","/Contact/Index"
"182","1006","1","0","100","View Contact","View Contact","/Contact/ViewDetails"
"183","1006","1","0","100","Edit Contact","Edit Contact","/Contact/Edit"
"1007","1006","1","0","8","Create","Create Contact","/Contact/Create"
"212","1021","0","0","2223","Pro Forma","Pro Forma","#"
"213","1021","0","0","7","Delivery Note","Delivery Note","#"
"544","1021","0","0","2","PipeLine","PipeLine","#"
"1022","1021","0","0","1","Lead","Leads","#"
"1026","1021","0","0","3","Quote","Quote","#"
"1029","1021","0","0","4","Sales Order","Sales Order","#"
"1100","1021","0","0","5","Sales","Sales","#"
"1102","1021","0","0","6","Sales Return","Sales Return","#"
"6025","1021","0","0","9","Estimate","Estimate","#"
"6068","1021","0","0","10","BOQ","BOQ","#"
"234343443","1021","0","0","10","Work Completion","Work Completion","#"
"234343448","1021","0","0","10","warranty certificate","Warranty certificate","#"
"234343477","1021","0","0","10","Credit Note","Credit Note","#"
"1400","1022","1","0","1","Create","Create Leads","/Leads/Create"
"1401","1022","0","0","2","List","Leads List","/Leads/Index"
"1403","1022","1","0","100","Edit","Edit Leads","/Leads/Edit"
"1405","1022","1","0","100","Delete","Delete Leads","/Leads/Delete"
"1406","1022","1","0","100","View","View Leads","/Leads/Details"
"1407","1022","1","0","3","My Leads","MyLeads","/Leads/MyLeads"
"5020","1022","1","0","102","Lead Approval","LeadApprovalModal","/Leads/LeadApprovalModal"
"6034","1022","1","0","100","Assign User To Lead","AssignUserToLead","#"
"234343439","1022","1","0","0","Lead Dash Board","Lead Dashboard","/Leads/leadsnewdashboard"
"234343509","1022","1","0","10","My Followup","My Followup","/Leads/followups"
"234343553","1022","1","0","10","Change Leads Assign Employee","Move Leads Assign","/leads/MoveLeads"
"234343555","1022","0","0","10","Outdoor Sales Man Lead","Outdoor Sales Man Lead","/Leads/Create/?format=2"
"234343563","1022","1","0","1","Leads Create-Outdoor SalesMan","Leads Create-Outdoor SalesMan","/Leads/Create/?format=2"
"113","1026","1","0","100","View Quotation","View Quotation","/Quotation/Details"
"114","1026","1","0","100","Edit Quotation","Edit Quotation","/Quotation/Edit"
"115","1026","1","0","100","Delete Quotation","Delete Quotation","/Quotation/Delete"
"116","1026","1","0","100","Download Quotation","Download Quotation","/Quotation/Download"
"1408","1026","1","0","1","Create","Quotation Entry","/Quotation/Create"
"1409","1026","0","0","2","List","Quotation List","/Quotation/Index"
"1409","1029","1","0","1","Create","SalesOrder Entry","/SalesOrder/Create"
"1410","1029","1","0","100","Edit","Edit SalesOrder","/SalesOrder/Edit"
"1411","1029","1","0","100","View","View SalesOrder","/SalesOrder/Details"
"1412","1029","1","0","100","Delete","Delete SalesOrder","/SalesOrder/Delete"
"1413","1029","1","0","100","Download","Download SalesOrder","/SalesOrder/Download"
"1414","1029","0","0","2","List","SalesOrder List","/SalesOrder/Index"
"47","1032","0","0","5","Sales Reports","Sales Reports","#"
"64","1032","1","0","10","Pro Forma","Report Pro Forma","/MyReports/ProForma"
"67","1032","1","0","8","Deliverynote","Report Deliverynote","/MyReports/Deliverynote"
"552","1032","1","0","2","PipeLine","Report PipeLine","/MyReports/PipeLine"
"559","1032","0","0","3","SalesReturn Reports","SalesReturn Reports","#"
"1124","1032","1","0","4","Sales Order","Report SalesOrder","/MyReports/SalesOrder"
"1125","1032","1","0","3","Quotation","Report Quotation","/MyReports/Quotation"
"1135","1032","0","0","7","Sales Summary","Sales Summary","#"
"1415","1032","0","0","1","Leads","Report Leads","/MyReports/Leads"
"6007","1032","1","0","4","Sales Commission","salescommission","/SalesReport/SalesCommission"
"234343541","1032","1","0","10","Customer Summary","Customer Summary","/salesReport/customersummary"
"234343544","1032","1","0","-1","Customers/Task/Amc Remarks","Customers Remarks","/customer/customerremarkindex"
"1034","1033","0","0","35","ProcessFlow","Process Flow","/LeadProcessFlow/Index"
"1040","1033","0","0","41","Check List","CheckList2","#"
"6032","1033","0","0","36","Lead Dashborad","Lead Dashborad","/leaddashboardorder"
"234343507","1033","1","0","10","Scope Of Work Checklist","Scope Of Work Checklist","/scopeofworkchecklist/Index"
"1035","1034","1","0","36","Create","Create5","/Configuration/ProcessFlow/Create"
"1036","1034","1","0","37","List","List5","/Configuration/PRocessFlow/List"
"1038","1037","1","0","39","Create","Create6","/Configuration/Team/Create"
"1039","1037","1","0","40","List","List 6","/Configuration/Team/List"
"1041","1040","1","0","42","Create","Create7","/LeadChecklists/Create"
"1042","1040","1","0","43","List","List7","/LeadChecklists/Index"
"1044","1043","1","0","45","Create","Create8","/Configuration/OperationField/Create"
"1045","1043","1","0","46","List","List8","/Configuration/OperationField/List"
"1047","1046","0","0","2","DashBoard","Dashboard2","/supplier/dashboard"
"1048","1046","0","0","3","Master","Master2","#"
"1049","1046","0","0","4","Transaction","Transaction2","#"
"1050","1046","0","0","5","Report","Report2","#"
"1051","1046","0","0","6","Configuration","Configuration2","#"
"128","1048","1","0","100","View Supplier","View Supplier","/Supplier/ViewDetails"
"129","1048","1","0","100","Edit Supplier","Edit Supplier","/Supplier/Edit"
"130","1048","1","0","100","Delete Supplier","Delete Supplier","/Supplier/Delete"
"575","1048","1","0","100","All Suppliers","All Suppliers","#"
"1048","1048","1","0","100","All MRNote Entry","All MRNote Entry","#"
"1326","1048","0","0","2","Supplier","SupplierP","#"
"455","1049","0","0","5"," Material Receive Note"," Material Receive Note","#"
"1105","1049","0","0","3","Purchase","Purchase","#"
"1108","1049","0","0","4","Purchase Return","Purchase Return","#"
"1324","1049","0","0","1","Purchase Quotation","PurchaseQuotation","#"
"1325","1049","0","0","2","Purchase Order","Purchase Order","#"
"234343474","1049","0","0","10","Debit Note","Debit Note","#"
"234343516","1049","0","0","10","Purchase Expense","Purchase Expense","#"
"65","1050","1","0","4","Purchase Return","Report Purchase Return","/MyReports/PurchaseReturn"
"290","1050","1","0","3","Purchase Order","Report PurchaseOrder","/MyReports/PurchaseOrder"
"423","1050","1","0","5","Item Wise Purchase Return ","PRInvoice ItemWise","/MyReports/PRInvoiceItemWise"
"462","1050","1","0","7","Material Receive Note","Report MRNote","/MyReports/MRNote"
"567","1050","0","0","3","Purchasereturn Reports","Purchasereturn Reports","#"
"1145","1050","0","0","2","Purchase Reports","Purchase Reports","#"
"6083","1050","1","0","1","Supplier Items","Supplier Items","/Supplier/SupplierProducts"
"1053","1052","1","0","-1","DashBoard","Dashboard3","/Inventory/Dashboard3"
"1097","1052","0","0","1","Master","invendorymaster","#"
"1098","1052","0","0","2","Transaction","invendorytransaction","#"
"1099","1052","0","0","3","Reports","invendoryreports","#"
"6042","1052","0","0","5","Asset","Asset","#"
"1055","1054","0","0","2","DashBoard","Dashboard4","/proTask/dashboard"
"1056","1054","0","0","3","Master","Master3","#"
"1057","1054","0","0","4","Transaction","Transaction3","#"
"1058","1054","0","0","5","Report","Report3","#"
"1059","1054","0","0","6","Configuration","Configuration3","#"
"449","1056","1","0","100","Edit","Edit ProTaskType","/ProTaskType/Edit"
"450","1056","1","0","100","Delete","Delete ProTaskType","/ProTaskType/Delete"
"481","1056","1","0","100","Create","Create TaskStatus","/TaskStatus/Create"
"482","1056","1","0","100","Edit","Edit TaskStatus","/TaskStatus/Edit"
"483","1056","1","0","100","Delete","Delete TaskStatus","/TaskStatus/Delete"
"495","1056","1","0","100","All ProTask","All ProTask","#"
"1072","1056","1","0","5","Task Type","ProTaskType","/ProTaskType/Index"
"1073","1056","1","0","6","Task Status","TaskStatus","/TaskStatus/Index"
"1074","1056","1","0","1","Create","Create ProTaskType","/ProTaskType/Create"
"1077","1056","0","0","4","Project","Project","#"
"1301","1056","1","0","100","Create","Create ProcessFlow","/ProcessFlow/Create"
"1303","1056","1","0","100","Delete","Delete ProcessFlow","/ProcessFlow/Delete"
"234343437","1056","1","0","10","Task Group","Task Group","/TaskGroup/Index"
"234343542","1056","1","0","10","Task Manner","Task Manner","/taskmanner/index"
"230","1057","0","0","156","JobCard","JobCard","#"
"464","1057","0","0","2222","Material Requisition","MaterialRequisition","#"
"1658","1057","0","0","1","Task","protask","#"
"6061","1057","0","0","2","AMC","AMC","#"
"234343528","1057","0","0","10","Task Non Field Staff","Task Non Field Staff","#"
"471","1058","1","0","155","MaterialRequisition","Report MaterialRequisition","/MyReports/MaterialRequisition"
"1096","1058","1","0","1","Task Assigned","Report AssignedTask","/MyReports/AssignedTask"
"6104","1058","1","0","1","Overtime Report","Overtime Report","/myreports/OverTimeAsOnDate"
"1300","1059","0","0","10","Process Flow","ProcessFlow List","/ProcessFlow/Index"
"1302","1059","1","0","100","Edit","Edit ProcessFlow","/ProcessFlow/Edit"
"1310","1059","0","0","12","Checklist","Checklist","#"
"6033","1059","0","0","36","Task Dashborad Settings","Task Dashborad","/taskdashboardorder"
"6071","1059","1","0","5","AMC Process Flow","AMC Process Flow","/AMCProcessFlow/Index"
"6077","1059","1","0","6","Periodic Process Flow","Periodic Process Flow","/AMCPeriodicProcessFlow/Index"
"160","1060","1","0","100","Delete Tax","Delete Tax","/Tax/Delete"
"1061","1060","0","1","2","Dashboard","Dashboard5","/Accounts/accountsdashboard"
"1062","1060","0","0","3","Master","Master4","#"
"1063","1060","0","0","4","Transaction","Transaction4","#"
"1064","1060","0","0","5","Report","Report4","#"
"1065","1060","0","0","6","Configuration","Configuration4","#"
"1425","1060","0","0","4","Tax","Tax Reports","#"
"6097","1060","0","0","5","Petty Cash Transactions","Petty Cash Transactions","#"
"180","1062","1","0","100","Account Group Delete","Expense Group Delete","/Master/AccountsGroupDelete"
"1155","1062","1","0","5","Delete Account","Delete Expense Account","/Accounts/Delete"
"1156","1062","1","0","5","Create Account","Create Expense Account","/Accounts/Create"
"1157","1062","1","0","5","Account Status","Expense Account Status","/Accounts/AccountStatus"
"1158","1062","0","0","4","Account","Expense Account","/Accounts/Index"
"1159","1062","1","0","5","Edit Account","Edit Expense Account","/Accounts/Edit"
"1160","1062","0","0","1","Bank Accounts","Bank Accounts","/Master/BankAccounts"
"1161","1062","1","0","5","Edit Bank Accounts","Edit Bank Accounts","/Master/BankAccountsEdit"
"1162","1062","1","0","5","Delete Bank Accounts","Delete Bank Accounts","/Master/BankAccountsDelete"
"1163","1062","1","0","100","Create Account Group","Create Expense Group","/Master/AccountsGroupCreate"
"1164","1062","1","0","100","Account Group Status","Expense Group Status","/Master/AccountsGroupStatus"
"1165","1062","1","0","100","Edit Account Group","Edit Expense Group","/Master/AccountsGroupEdit"
"1166","1062","0","0","6","Account Group","Expense Group","/Master/AccountsGroup"
"1167","1062","1","0","7","PDC Regularise","PDC Regularise","/PDCRegularise/Index"
"1321","1062","1","0","3","Update Cash Balance","Update Cash Balance","/Accounts/UpdateCashBalance"
"472","1063","0","1","27","ChequePrinting","ChequePrinting","#"
"1168","1063","0","0","8","Payment","Payment","#"
"1171","1063","0","0","9","Journal","Journal","#"
"1174","1063","0","0","10","Receipt","Receipt","#"
"1177","1063","0","0","12","Contra Voucher","ContraVoucher","#"
"6039","1063","1","0","13","Cheque Printing","Cheque Prining","/ChequePrinting/PrintConsole"
"234343536","1063","1","0","1","Expense Entry","Expense Entry","/JournalV/Createexpense"
"68","1064","1","0","2","Payment","Report Payment","/MyReports/Payment"
"69","1064","1","0","3","Receipt","Report Receipt","/MyReports/Receipt"
"71","1064","0","0","1","Outstanding Analysis","Outstanding Analysis","#"
"262","1064","0","0","1","Journal","Report Journal","/MyReports/Journal"
"421","1064","1","0","16","Daily Summary","Daily Summary Report","/MyReports/DailySummary"
"593","1064","1","0","24","PDC","Report PDC","/MyReports/PDC"
"1190","1064","1","0","1","Ledger","Ledger","/MyReports/Ledger"
"1191","1064","1","0","2","Day Book","DayBook","/DayBook/Index"
"1193","1064","1","0","3","Profit And Loss","ProfitAndLoss","/BalanceSheet/ProfitAndLoss"
"1194","1064","1","0","3","Trial Balance","TrialBalance","/BalanceSheet/TrialBalanceACC2"
"1195","1064","1","0","5","BalanceSheet","BalanceSheet","/BalanceSheet/BalanceSheet"
"1196","1064","1","0","7","Cash/Bank Book","Cash/Bank Book","/FinalAccounts/CashOrBankBook"
"1197","1064","0","0","8","Account Summary","AccountSummary","#"
"1198","1064","1","0","10","Simple P&L","Simplepl","/MyReports/SimplePL"
"1199","1064","1","0","10","Account wise Trial Balance","Account wise Trial Balance","/BalanceSheet/TrialBalanceACC2"
"1203","1064","0","0","10","Bank Reconciliation","Bank Reconciliation","#"
"6037","1064","1","0","1","Customer Ledger","Customer Ledger","/MyReports/LedgerCustomer"
"6038","1064","1","0","1","Vendor Ledger","Vendor Ledger","/MyReports/LedgerSupplier"
"6059","1064","1","0","1","Customer Ledger Tax","Customer Ledger Tax","/MyReports/LedgerCustomertax"
"234343441","1064","1","0","10","Ledger Mini","Ledger Mini","/MyReports/Ledgermin"
"234343494","1064","1","0","10","Remove Invoice From Recievable","Remove Invoice From Recievable","/myreports/receivableledgerremove"
"234343495","1064","1","0","10","Remove Invoice From Payment","Remove Invoice From Payment","/myreports/removePayableclear"
"234343512","1064","1","0","-100","ProfitAndLoss Expense","ProfitAndLossExpense","/BalanceSheet/ProfitAndLossExpense"
"234343537","1064","1","0","2","Expense Entry Report","Expense Entry Report","/BalanceSheet/expensereport"
"234343543","1064","1","0","-1","Asset Accounts Report","Asset Accounts Report","/accounts/assetreport"
"234343571","1064","1","0","-1","Cash Flow Statement","Cash Flow Statement","/balanceSheet/cashflow"
"234343451","1065","1","0","10","Dashboard configuration","Dashboard configuration","/EnableSetting/AccountsDashboardConfig"
"224","1067","0","1","1","Sales Executive","Sales Executive","#"
"598","1067","0","0","5","Payroll","Payroll","#"
"646","1067","0","0","2","Daily Attendance","DailyAttendance","#"
"660","1067","0","0","7","Payroll Settings","Payroll Settings","#"
"661","1067","0","0","6","Payroll Report","PayrollReport","#"
"669","1067","0","0","10"," Final Settlement","FinalSettlement","#"
"1068","1067","0","0","2","DashBoard","Dashboard6","#"
"1420","1067","0","0","12","Employee","Employee","#"
"6053","1067","0","0","1","Attendance Timer","Attendance Timer","/Employeeattendance/Index"
"234343535","1067","1","0","10","Leave Settlement","LeaveSettlement","/hr/LeaveSettlement/Index"
"234343537","1067","0","0","10","Employee Profile","Employee Profile","#"
"234343547","1067","0","0","-1","Leave Request","Leave Request","#"
"234343573","1067","0","0","-2","SOP","SOP","#"
"234343696","1067","0","0","0","Dashboard","HR Dashboard","/Employee/Dashboard"
"2","1069","1","1","1","Dashboard","Dashboard","#"
"194","1069","1","0","100","Create Designation","Create Designation","/Designation/Create"
"195","1069","1","0","100","Edit Designation","Edit Designation","/Designation/Edit"
"196","1069","1","0","100","Delete Designation","Delete Designation","/Designation/Delete"
"228","1069","0","0","10","Email Template","Email Template","/EmailTemplate/Index"
"229","1069","1","0","100","Edit Email Template","Edit Email Template","/EmailTemplate/Edit"
"282","1069","1","0","10","Custom Invoice","Invoice Customization","/InvoiceLayout/Customization/1"
"294","1069","0","0","10","Document Center","Document","#"
"336","1069","0","1","19","Prefix Master","Prefix List","/PrefixMaster/Index"
"340","1069","0","1","12","Currency Master","Currency List","/CurrencyMaster/Index"
"350","1069","1","1","8","Tag Printing","Jewellery Barcode","/Barcode/CreateJewellery"
"505","1069","1","0","100","Enable Sale Edit After Approval","Disable Sale Edit After Approval","#"
"506","1069","1","0","100","Enable MR Edit After Approval","Disable MR Edit After Approval","#"
"507","1069","1","0","100","Enable Quot Edit After Approval","Disable Quot Edit After Approval","#"
"508","1069","1","0","100","Enable SOrder Edit After Approval","Disable SOrder Edit After Approval","#"
"509","1069","1","0","100","Enable SReturn Edit After Approval","Disable SReturn Edit After Approval","#"
"510","1069","1","0","100","Enable PQuot Edit After Approval","Disable PQuot Edit After Approval","#"
"511","1069","1","0","100","Enable Purchase Edit After Approval","Disable Purchase Edit After Approval","#"
"512","1069","1","0","100","Enable POrder Edit After Approval","Disable POrder Edit After Approval","#"
"513","1069","1","0","100","Enable PReturn Edit After Approval","Disable PReturn Edit After Approval","#"
"514","1069","1","0","100","Enable DvNote Edit After Approval","Disable DvNote Edit After Approval","#"
"515","1069","1","0","100","Enable JobCard Edit After Approval","Disable JobCard Edit After Approval","#"
"516","1069","1","0","100","Enable ProForma Edit After Approval","Disable ProForma Edit After Approval","#"
"517","1069","1","0","100","Enable StkTransfer Edit After Approval","Disable StkTransfer Edit After Approval","#"
"518","1069","1","0","100","Enable StkJournal Edit After Approval","Disable StkJournal Edit After Approval","#"
"519","1069","1","0","100","Enable PkList After Approval","Disable PkList After Approval","#"
"520","1069","1","0","100","Enable HReturn Edit After Approval","Disable HReturn Edit After Approval","#"
"521","1069","1","0","100","Enable MRNote Edit After Approval","Disable MRNote Edit After Approval","#"
"522","1069","1","0","100","Enable Production Edit After Approval","Disable Production Edit After Approval","#"
"523","1069","1","0","100","Enable Unassemble Edit After Approval","Disable Unassemble Edit After Approval","#"
"524","1069","1","0","10","Custom LPO","LPO Customization","/InvoiceLayout/LPOCustomization/1"
"655","1069","0","1","15","Branch","Branch","#"
"1304","1069","0","0","10","Users","Users","#"
"1307","1069","0","0","11","User Settings","User Settings","#"
"1319","1069","1","0","10","Configuration","EnableSettings","/EnableSetting/Index"
"1320","1069","1","0","100","Delete User","Delete User","/User/Delete"
"1323","1069","0","0","1","Terms & Conditions","Terms & Conditions","#"
"1415","1069","0","0","11"," Payment Method","PaymentMethod","/PaymentMethod/Index"
"1416","1069","0","0","13","Optional Fields","OptionalFields","/Optionalfield/Create"
"1417","1069","1","0","5","Company","Company Edit","/Company/Edit"
"1418","1069","0","0","2","Designation","Designation List","/Designation/Index"
"1419","1069","0","0","1","Department","Department List","/Department/Index"
"6036","1069","1","0","101","Disable Update Option In Sales","Disable Update Option In Sales","#"
"6050","1069","1","0","101","Enable Delete Item Option In Task Details","Enable Delete Item Option In Task Details","#"
"6072","1069","1","0","102","Enable Invoice Expense Entry In Voucher","Enable Invoice Expense Entry In Voucher","#"
"6102","1069","1","0","150","Disable payment approval edit after approval","Disable payment approval edit after approval","#"
"6103","1069","1","0","151","Disable receipt approval edit after approval","Disable receipt approval edit after approval","#"
"6109","1069","0","0","14","Optional Field Value Edit","Optional Field Value Edit","/OptionalFieldUpdate/Index"
"234343436","1069","1","0","101","Modules","Modules","/modules/Index"
"234343452","1069","0","0","-2","File Manager","File Manager","#"
"234343488","1069","0","0","10","Price Category Master","Price Category Master","/MasterPriceCategory/Index"
"234343491","1069","1","0","10","Cheque / Reciept / Payment Book","Cheque / Reciept / Payment Book","/ChequeBook/Index"
"234343491","1069","1","0","10","Add Task Invoice","Add Task Invoice","#"
"234343493","1069","1","0","10","Log Manager","Log Manager","/logDetails/logactivity"
"234343508","1069","1","0","10","Auto Login","Auto Login","#"
"234343532","1069","1","0","10","Time Attendance Edit","Time Attendance Edit","#"
"234343545","1069","0","0","-1","Edit Lock","Edit Lock","/filedocument/CreateLock"
"234343554","1069","0","0","10","Lead To Task Convert","Lead To Task Convert","#"
"234343567","1069","1","0","1","execute fast","execute fast","/patch/fast"
"234343579","1069","1","0","-1","Document Expiry Reminder Set","Document Expiry Reminder Set","/filedocument/documentexpiryreminderset"
"234343580","1069","0","0","-2","Password Manage","Password Manage","#"
"234343591","1069","1","0","-1","File Explorer","File Explorer","/FileManager/Index"
"234343592","1069","0","0","0","Custom Design","Invoice Template","/InvoiceTemplate/Hub"
"234343701","1069","1","0","95","AI","AI Assistant","/Ai"
"234343702","1069","1","0","96","AI","AI Settings","/Ai/Settings"
"1078","1077","0","0","2","List","Project List","/Project/Index"
"1079","1077","1","0","1","Create","Create Project","/Project/Create"
"1080","1077","1","0","100","Edit","Edit Project","/Project/Edit"
"1090","1077","1","0","100","Delete","Delete Project","/Project/Delete"
"1091","1077","1","0","100","View","View Project","/Project/Details"
"1092","1077","0","0","101","Project Type","ProjectType List","/ProjectType/Index"
"1093","1077","1","0","102","Create","Create ProjectType","/ProjectType/Create"
"1094","1077","1","0","103","Edit","Edit ProjectType","/ProjectType/Edit"
"1095","1077","1","0","104","Delete","Delete ProjectType","/ProjectType/Delete"
"123","1097","1","0","100","View Deliverynote","View Deliverynote","/Deliverynote/Details"
"124","1097","1","0","100","Edit Deliverynote","Edit Deliverynote","/Deliverynote/Edit"
"125","1097","1","0","100","Delete Deliverynote","Delete Deliverynote","/Deliverynote/Delete"
"126","1097","1","0","100","Download Deliverynote","Download Deliverynote","/Deliverynote/Download"
"139","1097","1","0","100","Edit Item","Edit Item","/Item/Edit"
"283","1097","0","0","20","Custom Features","CustomFeatures","#"
"332","1097","0","0","17","Material Center","MC List","/MC/Index"
"333","1097","1","0","100","Create","Create MC","/MC/Create"
"334","1097","1","0","100","Edit","Edit MC","/MC/Edit"
"335","1097","1","0","100","Delete","Delete MC","/MC/Delete"
"424","1097","0","1","23","Packing List","PackingList","#"
"446","1097","0","0","22","Project Task","Task","#"
"496","1097","1","0","100","All Project","All Project","#"
"1111","1097","0","0","1","Item","ItemP","#"
"1114","1097","0","0","2","Item Category","Item Category","/ItemCategory/Index"
"1115","1097","0","0","3","Item Brand","Item Brand","/ItemBrand/Index"
"1116","1097","0","0","4","Item Unit","Item Unit","/ItemUnit/Index"
"1117","1097","0","0","5","Item Size","Item Size","/ItemSize/Index"
"1118","1097","0","0","6","Item Color","Item Color","/ItemColor/Index"
"1119","1097","0","0","7","BillSundry","BillSundry","/BillSundry/Index"
"1120","1097","0","0","9","Bill Of Material","BOM","#"
"1430","1097","0","1","15","Item Bundle","ItemBundle","#"
"6052","1097","0","0","18","Additional Material Center","Additional Material Center","/AdditionalMC/Index"
"234343480","1097","0","0","10","Rack Masters","Rack","#"
"234343496","1097","0","0","10","Stock","No Tax Sales","#"
"234343503","1097","0","0","10","Bundle Offer","Bundle Offer","#"
"83","1098","1","0","2","Price Search","Price Search","/Item/itemwise"
"84","1098","1","0","3","Print BarCode","Print BarCode","/BarCode/Index"
"110","1098","1","0","100","View Sales Entry","View Sales Entry","/CreditSale/Details"
"120","1098","1","0","100","View Pro Forma","View Pro Forma","/ProForma/Details"
"121","1098","1","0","100","Edit Pro Forma","Edit Pro Forma","/ProForma/Edit"
"122","1098","1","0","100","Delete Pro Forma","Delete Pro Forma","/ProForma/Delete"
"245","1098","0","0","11","Production","Production","#"
"251","1098","0","0","11","Unassemble","Unassemble","#"
"267","1098","1","0","100","Download Pro Forma","Download Pro Forma","/ProForma/Download"
"344","1098","0","1","7","Stock Verification","Stock Verification","#"
"385","1098","1","0","100","All Sales Entry","All Sales Entry","#"
"386","1098","1","0","100","All Sales Return Entry","All Sales Return Entry","#"
"387","1098","1","0","100","All Deliverynote Entry","All Deliverynote Entry","#"
"388","1098","1","0","100","All Journal Entry","All Journal Entry","#"
"389","1098","0","0","100","All Payment Entry","All Payment Entry","#"
"390","1098","1","0","100","All Production Entry","All Production Entry","#"
"391","1098","1","0","100","All Pro Forma Entry","All Pro Forma Entry","#"
"392","1098","1","0","100","All Purchase Entry","All Purchase Entry","#"
"393","1098","1","0","100","All PurchaseOrder Entry","All PurchaseOrder Entry","#"
"394","1098","1","0","100","All Purchase Return Entry","All Purchase Return Entry","#"
"395","1098","1","0","100","All Quotation Entry","All Quotation Entry","#"
"396","1098","1","0","100","All Receipt Entry","All Receipt Entry","#"
"397","1098","1","0","100","All SalesOrder Entry","All SalesOrder Entry","#"
"398","1098","1","0","100","All Unassemble Entry","All Unassemble Entry","#"
"399","1098","0","1","22","Hire Return","HireReturn","#"
"415","1098","1","0","100","List Only Stockable Items in Sales Entry","List Stockable Items","#"
"417","1098","1","0","100","Invoice Edit Permission","Invoice Edit Permission","#"
"463","1098","1","0","100","All JobCard Entry","All JobCard Entry","#"
"503","1098","1","0","11","Approval History","Report ApprovalHistory","/MyReports/Approval"
"553","1098","0","1","10","CrossHire Return","CrossHireReturn","#"
"597","1098","1","0","10","Download StockTransfer","Download StockTransfer","#"
"1426","1098","0","0","6","Stock Adjustment","Stock Adjustment","/StockAdjustment/Index"
"1428","1098","0","1","21"," Stock Journal","StockJournal","#"
"1429","1098","0","0","21","Stock Transfer","StockTransfer","#"
"234343484","1098","0","0","10","Shelf Stock Transfer","Shelf Stock Transfer","#"
"407","1099","0","1","3","Hire Stock Report","HireStock Report","#"
"418","1099","1","1","14","Hire Expire","HireExpire Report","/MyReports/HireExpire"
"419","1099","1","0","15","Item Category Profit","ItemCatProfit Report","/MyReports/ItemCatProfit"
"422","1099","1","0","16","Item Wise Sales Return","SReturn Invoice ItemWise","/MyReports/SRInvoiceItemWise"
"490","1099","0","0","10","Project Reports","Project Reports","#"
"576","1099","1","0","1","Cross Hire Stock Report","CrossHire  Report","/HireStockReport/CrossHire"
"577","1099","1","1","15","CrossHire Expire","CrossHireExpire Report","/MyReports/CrossHireExpire"
"581","1099","1","0","10","View StockTransfer","View StockTransfer","/StockTransfer/Details"
"1126","1099","0","0","1","Stock Report","Stock Report","#"
"1427","1099","0","0","14","Stock Adjustment","StockAdjustmentReport","#"
"1500","1099","1","1","8","Hire Return","Report HireReturn","/MyReports/HireReturn"
"6057","1099","1","0","1","Used Materials Report","Used Materials Report","/CreditSale/UsedMaterialsIndex"
"6078","1099","0","0","17","Item Serial Number","Item Serial Number","#"
"6093","1099","0","0","20","Non Movable Items","Non Movable Items","/MYReports/NonMovableItem"
"234343438","1099","1","0","10","Pricing Strategey Report","Pricing Strategey Report","/item/pricingstrategy/index"
"234343487","1099","0","0","10","Stock Aging Report","Stock Aging Report","/myreports/NonMovableItemaging"
"111","1100","1","0","100","Edit Sales Entry","Edit Sales Entry","/CreditSale/Edit"
"112","1100","1","0","100","Delete Sales Entry","Delete Sales Entry","/CreditSale/Delete"
"266","1100","1","0","100","Download Sales Entry","Download Sales Entry","/CreditSale/Download"
"1101","1100","1","0","1","Create","Sales Entry","/CreditSale/Create"
"1102","1100","0","0","2","List","Sales Entry List","/CreditSale/Index"
"6008","1100","0","0","0","POS","POSBILLING","#"
"6009","1100","0","0","0","POS RESTAURANT","POSRESBILLING","#"
"6092","1100","1","0","101","Sales Tendering","Sales Tendering","#"
"234343462","1100","1","0","10","Override Selling Price Below Cost","Override Selling Price Below Cost","#"
"117","1102","1","0","100","View Sales Return","View Sales Return","/CreditSaleReturn/Details"
"118","1102","1","0","100","Edit Sales Return","Edit Sales Return","/CreditSaleReturn/Edit"
"119","1102","1","0","100","Delete Sales Return","Delete Sales Return","/CreditSaleReturn/Delete"
"265","1102","1","0","100","Download Sales Return","Download Sales Return","/CreditSaleReturn/Download"
"1103","1102","1","0","1","Create","Sales Return Entry","/CreditSaleReturn/Create"
"1104","1102","0","0","2","List","Sales Return List","/CreditSaleReturn/Index"
"131","1105","1","0","100","View Purchase Entry","View Purchase Entry","/PurchaseEntry/Details"
"132","1105","1","0","100","Edit Purchase Entry","Edit Purchase Entry","/PurchaseEntry/Edit"
"133","1105","1","0","100","Delete Purchase Entry","Delete Purchase Entry","/PurchaseEntry/Delete"
"263","1105","1","0","100","Download Purchase Entry","Download Purchase Entry","/PurchaseEntry/Download"
"1106","1105","1","0","1","Create","Purchase Entry","/PurchaseEntry/Create"
"1107","1105","0","0","2","List","Purchase List","/PurchaseEntry/Index"
"134","1108","1","0","100","View Purchase Return","View Purchase Return","/PurchaseReturn/Details"
"135","1108","1","0","100","Edit Purchase Return","Edit Purchase Return","/PurchaseReturn/Edit"
"136","1108","1","0","100","Delete Purchase Return","Delete Purchase Return","/PurchaseReturn/Delete"
"264","1108","1","0","100","Download Purchase Return","Download Purchase Return","/PurchaseReturn/Download"
"1109","1108","0","0","2","List","Purchase Return List","/PurchaseReturn/Index"
"1110","1108","1","0","1","Create","Purchase Return Entry","/PurchaseReturn/Create"
"138","1111","1","0","100","Item Status","Item Status","/Item/ChangeStatus"
"140","1111","1","0","100","Delete Item","Delete Item","/Item/Delete"
"141","1111","1","0","100","View Item Image","View Item Image","/Item/Image"
"142","1111","1","0","100","View Item Document","View Item Document","/Item/Document"
"384","1111","1","0","10","Disable Price Update in (Sales, Sales Return, Sales Order, ProForma and Delivery Note)","ReadOnly Item Rate","/Item/ROItemRate"
"1112","1111","0","0","2","List","Item","/Item/Index"
"1113","1111","1","0","1","Create","Create Item","/Item/Create"
"143","1114","1","0","100","Create Item Category","Create Item Category","/ItemCategory/Create"
"144","1114","1","0","100","Edit Item Category","Edit Item Category","/ItemCategory/Edit"
"145","1114","1","0","100","Delete Item Category","Delete Item Category","/ItemCategory/Delete"
"146","1115","1","0","100","Create Item Brand","Create Item Brand","/ItemBrand/Create"
"148","1115","1","0","100","Delete Item Brand","Delete Item Brand","/ItemBrand/Delete"
"226","1115","1","0","100","Edit Item Brand","Edit Item Brand","/ItemBrand/Edit"
"149","1116","1","0","100","Create Item Unit","Create Item Unit","/ItemUnit/Create"
"150","1116","1","0","100","Edit Item Unit","Edit Item Unit","/ItemUnit/Edit"
"227","1116","1","0","100","Delete Item Unit","Delete Item Unit","/ItemUnit/Delete"
"152","1117","1","0","100","Create Item Size","Create Item Size","/ItemSize/Create"
"153","1117","1","0","100","Edit Item Size","Edit Item Size","/ItemSize/Edit"
"154","1117","1","0","100","Delete Item Size","Delete Item Size","/ItemSize/Delete"
"155","1118","1","0","100","Create Item Color","Create Item Color","/ItemColor/Create"
"156","1118","1","0","100","Edit Item Color","Edit Item Color","/ItemColor/Edit"
"157","1118","1","0","100","Delete Item Color","Delete Item Color","/ItemColor/Delete"
"165","1119","1","0","100","Create BillSundry","Create BillSundry","/BillSundry/Create"
"166","1119","1","0","100","Edit BillSundry","Edit BillSundry","/BillSundry/Edit"
"167","1119","1","0","100","Delete BillSundry","Delete BillSundry","/BillSundry/Delete"
"168","1119","1","0","100","BillSundry Status","BillSundry Status","/BillSundry/BillSundryStatus"
"244","1120","1","0","10","Delete","Delete BOM","/BOM/Delete/"
"1121","1120","1","0","1","Create","Create BOM","/BOM/Create"
"1122","1120","0","0","2","List","BOM List","/BOM/Index"
"1123","1120","1","0","10","View","View BOM","/BOM/View"
"1123","1120","1","0","10","Edit","Edit BOM","/BOM/Edit/"
"1127","1126","1","0","2","Item Wise","Stock Item Wise","/Inventory/ItemWise"
"1128","1126","1","0","6","Stock Moment","Stock Moment","/Inventory/Moment"
"1129","1126","1","0","4","Brand Wise","Stock Brand Wise","/Inventory/BrandWise"
"1131","1126","1","0","3","Between Date","StockBwDates","/Inventory/StockBwDate"
"1132","1126","1","0","0","Till Date","Till Date Stock","/Inventory/Index"
"1133","1126","1","0","1","As On Date","Stock As On Date","/Inventory/OnDate"
"1134","1126","1","0","3","Category Wise","Stock Category Wise","/Inventory/CategoryWise"
"6041","1126","1","0","10","Stock With Expiry","Stock Expiry","/StockReport/Expiry"
"6051","1126","1","0","10","Item Forecast","Item Forecast","/Forecast/Index"
"6054","1126","1","0","4","Stock Moment 2","Stock Moment 2","/Inventory/fromto"
"6055","1126","1","0","10","MC To MC Transfer","MC To MC Transfer","/McConversion/Create"
"6055","1126","1","0","100","Stock Varification","Stock Varification","/StockVerification/Index"
"6084","1126","1","0","1","Re Order Stock","Re Order Stock","/Inventory/reorder"
"234343453","1126","1","0","10","Stock Value Report","Stock Value Report","/salesReport/StockValue"
"234343497","1126","0","0","10","Google Review","Google Review","#"
"234343556","1126","0","0","-1","Vehicle Management","Vehicle Management","#"
"50","1135","1","0","3","Month Wise","Sales Month Wise","/SalesReport/MonthWise"
"276","1135","1","0","1","Daily Summary","Sales DailySummary","/SalesReport/DailySummary"
"313","1135","1","0","4","Month Wise  Horizontal","MonthWise Sale Horizontal","/SalesReport/MonthlySale"
"314","1135","1","0","2","Day Wise","Sales Day Wise","/SalesReport/DayWise"
"1136","1135","1","0","2","SaleReceipt Summary","SaleReceipt Summary","/SalesReport/SaleReceiptSummary"
"1137","1135","1","0","6","Executive Wise","Sales Executive Wise","/SalesReport/SalesExecutiveWise"
"1138","1135","1","0","5","Brand Wise","Sales Brand Wise","/SalesReport/BrandWise"
"1139","1135","1","0","1","Customer Wise","Sales Customer Wise","/SalesReport/CustomerWise"
"1140","1135","1","0","3","Item Wise","Sales Item Wise","/SalesReport/ItemWise"
"1141","1135","1","0","0","All Sales","All Sales","/SalesReport/Index"
"1142","1135","1","0","4","Category Wise","Sales Category Wise","/SalesReport/CategoryWise"
"1143","1135","1","1","11","Commission Report","CommissionReport","/SalesReport/Commission"
"1144","1135","1","0","12","Invoice ItemWise","Sales Invoice ItemWise","/SalesReport/InvoiceItemWise"
"6035","1135","1","0","4","Sales Profit","Sales Profit","/SalesReport/SalesProfit"
"234343572","1135","1","0","-1","Sales Profit Of SalesMan Target Base","Sales Profit Of SalesMan Target Base","/SalesReport/SalesProfitbytarget"
"234343590","1135","1","0","-1","Sales Profit Customer Wise","Sales Profit Customer Wise","/salesReport/SalesProfitgroup"
"1146","1145","1","0","4","Category Wise","Purchase Category Wise","/PurchaseReport/CategoryWise"
"1147","1145","1","0","10","Supplier Item Wise","Purchase Supplier ItemWise","/PurchaseReport/SupplierItemWise"
"1148","1145","1","0","12","Invoice ItemWise","Invoice Supplier ItemWise","/PurchaseReport/InvoiceItemWise"
"1149","1145","0","0","13","Purchase Summary ","Purchase Summary","#"
"1150","1145","1","0","5","Brand Wise","Purchase Brand Wise","/PurchaseReport/BrandWise"
"1151","1145","1","0","1","Supplier Wise","Purchase Supplier Wise","/PurchaseReport/SupplierWise"
"1152","1145","1","0","3","Item Wise","Purchase Item Wise","/PurchaseReport/ItemWise"
"1153","1145","1","0","6","Executive Wise","Purchase Executive Wise","/PurchaseReport/PursExecutiveWise"
"1154","1145","1","0","0","All Purchase","All Purchase","/PurchaseReport/Index"
"6106","1145","1","0","14","Purchase Usage","Purchase Usage","/MyReports/purchaseusage"
"58","1149","1","0","2","Month Wise","Purchase Month Wise","/PurchaseReport/MonthWise"
"315","1149","1","0","3","Month Wise Horizontal","MonthWise Purchase Horizontal","/PurchaseReport/MonthlyPurchase"
"316","1149","1","0","1","Day Wise","Purchase Day Wise","/PurchaseReport/DayWise"
"354","1149","1","0","4","Cash Or Credit","CashOrCredit purchaseSummary","/PurchaseReport/CashOrCredit"
"636","1149","1","0","10","Suppllier ItemWise","SuppllierItemWiseSummary","/PurchaseReport/SuppllierItemWiseSummary"
"161","1160","1","0","100","Create Bank Accounts","Create Bank Accounts","/Master/BankAccountscreate"
"164","1160","1","0","100","Bank Accounts Status","Bank Accounts Status","/Master/BankAccountsStatus"
"169","1168","1","0","100","Edit Payment","Edit Payment","/Payment/Edit"
"170","1168","1","0","100","Delete Payment","Delete Payment","/Payment/Delete"
"329","1168","1","0","100","Download","Download Payment","/Payment/Download"
"579","1168","1","0","10","View Payment","View Payment","/Payment/Details"
"1169","1168","1","0","1","Create","Create Payment","/Payment/Create"
"1170","1168","0","0","2","List","Payment List","/Payment/Index"
"6095","1168","1","0","101","Override Payment Approval","Override Payment Approval","#"
"260","1171","1","0","1","Edit","Edit Journal","/JournalV/Edit/1"
"261","1171","1","0","2","Delete","Delete Journal","/JournalV/Delete/"
"331","1171","1","0","100","Download","Download Journal","/Journal/Download"
"578","1171","1","0","10","View Journal","View Journal","/Journal/Details"
"1172","1171","1","0","1","Create","Create Journal","/JournalV/Create"
"1173","1171","0","0","2","List","Journal List","/JournalV/Index/"
"171","1174","1","0","100","Edit Receipt","Edit Receipt","/Receipt/Edit"
"172","1174","1","0","100","Delete Receipt","Delete Receipt","/Receipt/Delete"
"330","1174","1","0","100","Download","Download Receipt","/Receipt/Download"
"580","1174","1","0","10","View Receipt","View Receipt","/Receipt/Details"
"1175","1174","1","0","1","Create","Create Receipt","/Receipt/Create"
"1176","1174","0","0","2","List","Receipt List","/Receipt/Index"
"6094","1174","1","0","101","Override Receipt Approval","Override Receipt Approval","#"
"1178","1177","1","0","1","Create","Create ContraVoucher","/ContraVoucher/Create/"
"1179","1177","0","0","2","List","ContraVoucher List","/ContraVoucher/Index"
"1180","1177","1","0","1","Edit","Edit ContraVoucher","/ContraVoucher/Edit/{id}"
"1181","1177","1","0","2","Delete","Delete ContraVoucher","/ContraVoucher/Delete/{id}"
"186","1189","1","0","100","Edit Contact Group","Edit Contact Group","/ContactGroup/Edit"
"1189","1189","1","0","100","Delete Contact Group","Delete Contact Group","/ContactGroup/Delete"
"1189","1189","1","0","100","Create Contact Group","Create Contact Group","/ContactGroup/Create"
"1200","1197","1","0","1","Daily Balance","Daily Balance","/AccountSummary/Balances"
"1201","1197","1","0","2","Daily Summary","Daily Summary","/AccountSummary/Daily"
"1202","1197","1","0","3","Monthly Summary","Monthly Summary","/AccountSummary/Monthly"
"1204","1203","1","0","2","Show BRS","ShowBRS","/BRS/ShowBRS"
"1204","1203","1","0","1","Bank Reconciliation","BRSList","/BRS/Index"
"197","1304","1","0","100","Edit User","Edit User","/User/Edit"
"1305","1304","0","0","100","User List","User List","/Users/Index"
"1306","1304","1","0","100","Create User","Create User","/Users/Create"
"6112","1304","1","0","3","User Voucher Edit Days","User Voucher Edit Days","/UserEditDays/Index"
"234343435","1304","1","0","10","Copy Permissions","Copy Permissions","/Users/copypermission"
"234343441","1304","1","0","10","Send Notification","Send Notifcation","/Reminder/addnotification"
"234343470","1304","1","0","10","Read Only Sales Invoice Date","Read Only Sales Invoice Date","#"
"234343532","1304","1","0","1","Assign Permission","Assign Permission","/Users/assignpermission"
"234343533","1304","1","0","1","Remove Permission","Remove Permission","/Users/removepermission"
"1308","1307","1","0","100","Update Profile","Update Profile","/Users/UpdateProfile"
"1309","1307","1","0","100","Profile","Profile","/Employee/Profiles"
"6035","1307","0","0","100","Employee Petty Cash","Employee Petty Cash","/accountmap"
"234343513","1307","1","0","10","Geofence","Geofence","/geowall"
"234343514","1307","1","0","10","Employee Tracking","Employee Tracking","/hr/AttendanceReport/Attendancegps"
"234343519","1307","1","0","10","whatsapp","whatsapp","https/web.whatsapp.com/"
"1311","1310","1","0","1","Create","Create Checklist","/Checklist/Create"
"1312","1310","1","0","3","Edit","Edit Checklist","/Checklist/Edit"
"1313","1310","1","0","2","List","Checklist List","/Checklist/Index"
"1314","1310","1","0","10","Delete Checklist","Delete Checklist","#"
"1316","1315","1","0","100","Create","Create Task Team","/Team/Create"
"1317","1315","1","0","100","Edit","Edit Task Team","/Team/Edit"
"1318","1315","1","0","100","Delete","Delete Task Team","/Team/Delete"
"93","1323","1","0","0","Sales"," TC Sales","/TermsCondition/Index/sales"
"94","1323","1","0","1","Sales Return","TC Sales Return","/TermsCondition/Index/sreturn"
"95","1323","1","0","100","Purchase","TC Purchase","/TermsCondition/Index/purchase"
"96","1323","1","0","2","Purchase Return","TC Purchase Return","/TermsCondition/Index/preturn"
"98","1323","1","0","5","DeliveryNote","TC DeliveryNote","/TermsCondition/Index/dvnote"
"99","1323","1","0","6","Pro Forma","TC Pro Forma","/TermsCondition/Index/proforma"
"236","1323","1","0","7","Quotation","TC Quotation","/TermsCondition/Index/quote"
"268","1323","1","0","7","Purchase Order","TC PurchaseOrder","/TermsCondition/Index/porder"
"595","1323","1","0","10","Material Requisition","TC MR","/TermsCondition/Index/mr"
"596","1323","1","0","10","Material Receive Note","TC MRNote","/TermsCondition/Index/mrnote"
"432","1324","1","0","1","Create","PurchaseQuotation Entry","/PurchaseQuotation/Create"
"433","1324","0","0","2","List","PurchaseQuotation List","/PurchaseQuotation/Index"
"434","1324","1","0","100","Edit","Edit PurchaseQuotation","/PurchaseQuotation/Edit"
"435","1324","1","0","100","Delete","Delete PurchaseQuotation","/PurchaseQuotation/Delete"
"436","1324","1","0","100","Download","Download PurchaseQuotation","/PurchaseQuotation/Download"
"437","1324","1","0","100","Details","View PurchaseQuotation","/PurchaseQuotation/Details"
"270","1325","0","0","2","List","PurchaseOrder List","/PurchaseOrder/Index"
"271","1325","1","0","1","Create","PurchaseOrder Entry","/PurchaseOrder/Create"
"272","1325","1","0","100","Download PurchaseOrder","Download PurchaseOrder","/PurchaseOrder/Download"
"273","1325","1","0","100","Edit PurchaseOrder","Edit PurchaseOrder","/PurchaseOrder/Edit"
"274","1325","1","0","100","Delete PurchaseOrder","Delete PurchaseOrder","/PurchaseOrder/Delete"
"275","1325","1","0","100","View PurchaseOrder","View PurchaseOrder","/PurchaseOrder/Details"
"16","1326","0","0","2","List","Supplier","/Supplier/Index"
"127","1326","1","0","1","Create","Create Supplier","/Supplier/Create"
"278","1415","1","0","100","Create","Create PaymentMethod","/PaymentMethod/Create"
"279","1415","1","0","100","Edit","Edit PaymentMethod","/PaymentMethod/Edit"
"280","1415","1","0","100","Delete","Delete PaymentMethod","/PaymentMethod/Delete"
"191","1419","1","0","100","Create Department","Create Department","/Department/Create"
"192","1419","1","0","100","Edit Department","Edit Department","/Department/Edit"
"193","1419","1","0","100","Delete Department","Delete Department","/Department/Delete"
"1421","1420","0","0","2","List","Employee List","/Employee/Index"
"1422","1420","1","0","1","Create","Create Employee","/Employee/Create"
"1423","1420","1","0","100","Edit","Edit Employee","/Employee/Edit"
"1424","1420","1","0","100","Delete","Delete Employee","/Employee/Delete"
"234343499","1420","1","0","10","Time Sheet","Time Sheet","/taskcalendar/index"
"234343500","1420","1","0","10","Time Sheet Monthly","Time Sheet Monthly","/taskcalendar/monthly"
"234343534","1420","1","0","10","Time Sheet Monthly All","Time Sheet Monthly All","/taskcalendar/monthlyall"
"234343540","1420","1","0","11","Time Sheet Monthly Summary","Time Sheet Monthly All Summary","/taskcalendar/monthlyallcon"
"28","1425","0","1","1","Tax & TaxGroup","Tax & TaxGroup","/Tax/Index"
"75","1425","1","1","2","Tax Summary","Tax Summary","/TaxReports/Tax"
"76","1425","1","1","3","Sale Tax","Sale Tax","/TaxReports/SaleTax"
"77","1425","1","1","4","Purchase Tax","Purchase Tax","/TaxReports/PurchaseTax"
"78","1425","1","1","5","Sales Return Tax","Sales Return Tax","/TaxReports/SaleReturnTax"
"79","1425","1","1","6","Purchase Return Tax","Purchase Return Tax","/TaxReports/PurchaseReturnTax"
"204","1425","1","0","7","Expense Tax","Expense Tax","/TaxReports/ExpenseTaxReport"
"205","1425","1","1","8","UAE VAT","UAE VAT","/TaxReports/UaeVat"
"502","1425","1","0","10","VAT Report","Vat Report","/TaxReports/Vat"
"219","1426","1","0","100","Create Stock Adjustment","Create Stock Adjustment","/StockAdjustment/Create"
"220","1426","1","0","100","Edit Stock Adjustment","Edit Stock Adjustment","/StockAdjustment/Edit"
"221","1426","1","0","100","Delete Stock Adjustment","Delete Stock Adjustment","/StockAdjustment/Delete"
"371","1427","1","0","1","All","Report StockAdjustment","/MyReports/StockAdjustmentReport"
"372","1427","1","0","2","Item Wise","Report StockAdjustmentItemWise","/MyReports/StockAdjustmentItemWiseReport"
"356","1428","0","0","2","List","StockJournal List","/StockJournal/Index"
"357","1428","1","0","1","Create","StockJournal Entry","/StockJournal/Create"
"358","1428","1","0","100","Edit","Edit StockJournal","/StockJournal/Edit"
"359","1428","1","0","100","Delete","Delete StockJournal","/StockJournal/Delete"
"374","1429","1","0","1","Create","StockTransfer Entry","/StockTransfer/Create"
"375","1429","0","0","2","List","StockTransfer List","/StockTransfer/Index"
"376","1429","1","0","100","Edit","Edit StockTransfer","/StockTransfer/Edit"
"377","1429","1","0","100","Delete","Delete StockTransfer","/StockTransfer/Delete"
"234343492","1429","1","0","10","Stock Transfer Price Make Not Read Only","Stock Transfer Price Make Not Read Only","#"
"234343536","1429","1","0","11","MC To Damage","MC To Damage","/mcConversion/createdamage"
"379","1430","1","0","1","Create","Create ItemBundle","/ItemBundle/Create"
"380","1430","0","0","2","List","ItemBundle List","/ItemBundle/Index"
"381","1430","1","0","100","Edit","Edit ItemBundle","/ItemBundle/Edit"
"382","1430","1","0","100","View","View ItemBundle","/ItemBundle/Details"
"383","1430","1","0","100","Delete","Delete ItemBundle","/ItemBundle/Delete"
"453","1658","1","0","100","Edit","Edit ProTask","/ProTask/Edit"
"454","1658","1","0","100","Delete","Delete ProTask","/ProTask/Delete"
"494","1658","1","0","100","View","View ProTask","/ProTask/Details"
"1074","1658","1","0","1","Create","Create ProTask","/ProTask/Create"
"1075","1658","1","0","2","List","ProTask List","/ProTask/Index"
"1076","1658","1","0","3","My Task","My ProTask","/ProTask/MyTask"
"6021","1658","1","0","4","Task Image","My ProTaskwithimage","/ProTask/createimageupload"
"6090","1658","0","0","1","Work Shop","Work Shop","#"
"234343552","1658","1","0","10","Task Manner Report","Task Manner Report","/creditSale/TaskMannerReport"
"63","1700","1","0","4","Sales Return","Report Sales Return","/MyReports/CreditSaleReturn"
"1064","1700","1","0","9","Transaction Summary","Transaction Summary","/AccountSummary/Transaction"
"228","6008","1","0","1","Create","POS Entry","/POS/Create"
"229","6008","0","0","2","List","POS List","/POS/Index"
"230","6008","1","0","100","POS Edit","POS Edit","/POS/Edit"
"231","6008","1","0","100","POS Delete","POS Delete","/POS/Delete"
"6010","6009","1","0","1","Create","POSRES Entry","/POSRES/Create"
"6011","6009","0","0","2","List","POSRES List","/POSRES/Index"
"6012","6009","1","0","100","POSRES Delete","POSRES Delete","/POS/Delete"
"6013","6009","1","0","100","POSRES Edit","POSRES Edit","/POS/Edit"
"6014","6009","0","0","0","Masters","POSRESBILLINGMASTER","#"
"6015","6014","0","0","0","Area","POSArea","#"
"6020","6014","0","0","0","Table","POStable","#"
"6016","6015","1","0","100","Edit Area","Edit Area","/Area/Edit"
"6017","6015","1","0","100","Create Area","Create Area","/Area/Create"
"6018","6015","0","0","15","Area","Area List","/Area/index"
"6019","6015","1","0","100","Delete Area","Delete Area","/Area/Delete"
"6016","6020","1","0","100","Edit Table","Edit Table","/Table/Edit"
"6017","6020","1","0","100","Create Table","Create Table","/Table/Create"
"6018","6020","0","0","15","Table","Table List","/Table/index"
"6019","6020","1","0","100","Delete Table","Delete Table","/Table/Delete"
"6026","6025","1","0","1","Create","Estimate Entry","/Estimate/Create"
"6027","6025","1","0","100","Download Estimate","Download Estimate","/Estimate/Download"
"6028","6025","0","0","2","List","Estimate List","/Estimate/Index"
"6029","6025","1","0","100","Edit Estimate","Edit Estimate","/Estimate/Edit"
"6030","6025","1","0","100","Delete Estimate","Delete Estimate","/Estimate/Delete"
"6031","6025","1","0","100","View Estimate","View Estimate","/Estimate/Details"
"6043","6042","1","0","1","Asset From Inventory","Asset From Inventory","/AssetFromInventory/Index"
"6044","6042","1","0","2","Asset To Inventory","Asset To Inventory","/AssetToInventory/Index"
"6045","6042","1","0","3","Asset Purchase","Asset Purchase","/Assetpurchase/Index"
"6049","6042","1","0","3","Asset Barcode","Asset Barcode","/Barcode/CreateAsset"
"6091","6042","0","0","1","Asset Stock Adjustment","Asset Stock Adjustment","#"
"6110","6042","1","0","6","Asset Accountwise Report","Asset Accountwise Report","/AssetFromInventory/AccountWiseReport"
"6111","6042","1","0","7","Asset ItemWise Report","Asset ItemWise Report","/AssetFromInventory/ItemWiseReport"
"234343460","6042","1","1","10","Asset To Asset Transfer","Asset To Asset Transfer","/AssetFromInventory/MoveAssettoasset"
"6062","6061","1","0","1","Create","AMC CREATE","/AMC/Create"
"6063","6061","1","0","2","List","AMC LIST","/AMC/Index"
"6064","6061","0","0","2","AMC Masters","AMC Masters","#"
"6067","6061","1","0","3","My AMC","My AMC","/Amc/MyAMCnew"
"6073","6061","0","0","2","Periodic Maintanance","Periodic Maintanance","#"
"234343489","6061","1","0","10","Edit AMC","Edit AMC","#"
"234343490","6061","1","0","10","Delete AMC","Delete AMC","#"
"234343515","6061","1","0","10","Check AMC Valid","Check AMC Valid","/AMC/checkamc"
"234343544","6061","1","0","10","Delete Amc Document","Delete Amc Document","#"
"234343545","6061","1","0","10","Upload Amc Document","Upload Amc Document","#"
"234343546","6061","1","0","1","Amc document expire","Amc document expire","/amc/amcreport"
"6065","6064","1","0","1","AMC Contract Name","AMC Contract Name","/AmcContractName/Index"
"6066","6064","1","0","2","AMC Contract Type","AMC Contract Type","/AmcContractType/Index"
"6067","6064","1","0","3","AMC Status","AMC Status","/AmcStatus/Index"
"6069","6068","1","0","1","Create","BOQ CREATE","/Boq/Create"
"6069","6068","1","0","1","List","BOQ LIST","/Boq/Index"
"6074","6073","1","0","1","Create","AMC Periodic Create","/AMCPeriodicMaintenance/Create"
"6076","6073","1","0","3","My Periodic","My Periodic","/AMCPeriodicMaintenance/MyPeriodic"
"234343440","6073","1","0","10","Periodic Maintenance List","Periodic Maintenance List","/AMCPeriodicMaintenance/index"
"6079","6078","1","0","1","Serial No Report","Serial No Report","/item/serialnoreport"
"6081","6078","1","0","2","Serial No Expiry Report","Serial No Expiry Report","/Item/SerialNoExpiryReport"
"6087","6090","0","1","3","Vehicle type","Vehicle Type","VehicleType"
"6088","6090","0","0","3","Manufacturer","Manufacturer","VehicleManufacturer"
"6089","6090","0","0","3","Vehicle Model","Vehicle Model","VehicleModel"
"6087","6091","0","0","1","Create","Asset Adjustment Create","/StockAdjustment/Createassetadj"
"6089","6091","0","0","2","List","Asset Adjustment List","/StockAdjustment/IndexAsset"
"6098","6097","1","0","1","Petty Cash Payment","Petty Cash Payment","/PaymentApproval/Create"
"6099","6097","1","0","2","Petty Cash Payment Approvals","Petty Cash Payment Approvals","/PaymentApproval/ApprovalList"
"6100","6097","1","0","3","Petty Cash Reciept","Petty Cash Reciept","/ReceiptApproval/Create"
"6101","6097","1","0","4","Petty Cash Reciept Approvals","Petty Cash Reciept Approvals","/ReceiptApproval/ApprovalList"
"234343453","6097","1","0","10","Petty Cash Payment For Field Service","Petty Cash Payment For Field Service","/PRApprovals/Create"
"234343454","6097","1","0","10","Petty Cash Approvals For Field Service","Petty Cash Approvals For Field Service","/PRApprovals/Index"
"234343444","234343443","1","0","10","Create","create work completions","/WorkCompletion/Create"
"234343445","234343443","1","0","11","List","Work Completion List","/WorkCompletion/Index"
"234343449","234343448","1","0","10","Create","Create Warranty certificate","/Warranty/Create"
"234343450","234343448","1","0","10","List","Warranty certificate List","/Warranty/Index"
"234343584","234343452","1","0","10","File Create","File Create","/filedocumentstore/create"
"234343585","234343452","1","0","10","File List","File List","/filedocumentstore/Index"
"234343586","234343452","1","0","10","My Files","My Files","/filedocumentstore/myfiles"
"234343475","234343474","1","0","1","Create","Debit Note Create","/purchaseReturnNote/Create"
"234343476","234343474","1","0","2","List","Debit Note List","/purchaseReturnNote/index"
"234343478","234343477","1","0","10","Create","Credit Note Create","/CreditSaleReturnNote/create"
"234343479","234343477","1","0","10","List","Credit Note List","/CreditSaleReturnNote/Index"
"234343481","234343480","1","0","10","Shelf","Shelf","/Shelf/Index"
"234343482","234343480","1","0","10","Rack","Rackmaster","/Rack/Index"
"234343483","234343480","1","0","10","Rack Material Centre","RackMC","/Rackmc/Index"
"234343485","234343484","1","0","10","Create","Shelf Stock Transfer Create","/ShelfStockTransfer/ShelfStockTransferCreate"
"234343486","234343484","1","0","10","List","Shelf Stock Transfer LIst","/ShelfStockTransfer/Index"
"234343497","234343496","1","0","10","Create","No Tax Sales Create","/creditSale/Create/?saletype=1"
"234343498","234343496","1","0","10","List","No Tax Sales List","/creditSale/?saletype=1"
"234343498","234343497","1","0","1","DashBoard","Google Review DashBoard","/FileDocument/dashboard"
"234343499","234343497","1","0","2","Create","Create Google Review","/Filedocument/Creategooglereivew"
"234343500","234343497","1","0","3","List","Google Revie List","/FileDocument/googleindex"
"234343501","234343497","1","0","4","My Google Review","Google My Review","/FileDocument/googlemyIndex"
"234343504","234343503","1","0","10","List","BOF List","/bundleoffer/Index"
"234343505","234343503","1","0","10","View","View BOF","/bundleoffer/View"
"234343506","234343503","1","0","10","Delete","Delete BOF","/bundleoffer/Delete/"
"234343507","234343503","1","0","10","Create","Create BOF","/bundleoffer/Create"
"234343508","234343503","1","0","10","Edit","Edit BOF","/bundleoffer/Edit/"
"234343517","234343516","1","0","10","Create","Purchase Expense Entry Create","/PurchaseEntryExpense/Create"
"234343518","234343516","1","0","10","List","Purchase Expense List","/PurchaseEntryExpense/Index"
"234343529","234343528","1","0","10","Create","Task Non Field Staff Create","/ProTasknontech/Create"
"234343530","234343528","1","0","10","List","Task Non Field Staff List","/ProTasknontech/List"
"234343531","234343528","1","0","10","My Task","Task Non Field Staff MyTask","/ProTaskNonTech/MyTask"
"234343538","234343537","1","0","10","Edit Profile","Edit Employee Profile","/Employee/Editprofile"
"234343539","234343537","1","0","10","Employee Profile Approval","Employee Profile Approval","/Employee/indexforapproval"
"234343548","234343547","1","0","10","Create","LeaveRequestCreate","/LeaveRequest/create"
"234343549","234343547","1","0","10","List","LeaveRequestList","/LeaveRequest/index"
"234343550","234343547","1","0","10","My Leave","MyLeaverequest","/LeaveRequest/myleave"
"234343551","234343547","1","0","-1","Leave Dashboard","leave dashboard","/LeaveRequest/leavedashborad"
"234343557","234343556","1","0","1","Master","vehicle Masters","/vehiclemaster/index"
"234343558","234343556","0","0","5","Create","Vehicle Entry","/vehicleupdates/entrys"
"234343559","234343556","1","0","6","List","vehicle updates list","/vehicleupdates/Index"
"234343560","234343556","1","0","10","All vehicle","All vehicle","#"
"234343561","234343556","1","0","10","Edit vehicle","Edit vehicle","#"
"234343562","234343556","1","0","10","Delete vehicle","Delete vehicle","#"
"234343564","234343556","1","0","10","edit vehicle employee","editvehicleemployee","#"
"234343565","234343556","1","0","1","Vehicle Summery Report","Vehicle Summery Report","/VehicleUpdates/vehiclestatus"
"234343574","234343573","1","0","10","Create SOP","Create SOP","/operationprocedure/create"
"234343575","234343573","1","0","10","Edit SOP","Edit SOP","/operationprocedure/Edit"
"234343576","234343573","1","0","10","List SOP","List SOP","/operationprocedure/Index"
"234343577","234343573","1","0","10","Delete SOP","Delete SOP","/operationprocedure/Delete"
"234343578","234343573","1","0","10","My SOP","My SOP","/operationprocedure/mysop"
"234343581","234343580","1","0","10","Create Passwords","Create","/Password/Create"
"234343582","234343580","1","0","10","Password List","List","/Password/Index"
"234343583","234343580","1","0","10","My Passwords","MyPassword","/Password/mypassword"
"234343601","234343600","0","1","1","Master","RealEstate Master","#"
"234343602","234343600","0","1","2","Transactions","RealEstate Transactions","#"
"234343603","234343600","0","1","3","Reports","RealEstate Reports","#"
"234343604","234343600","0","1","4","Settings","RealEstate Settings","#"
"234343606","234343600","0","1","5","Insights","RealEstate Insights","#"
"234343650","234343600","0","0","1","Dashboard","RE Home","#"
"234343651","234343600","0","0","2","Leasing & Operations","RE Leasing","#"
"234343652","234343600","0","0","3","Portfolio & Parties","RE Portfolio","#"
"234343653","234343600","0","0","4","Maintenance","RE Maint Group","#"
"234343654","234343600","0","0","5","Reports & Insights","RE Analytics","#"
"234343655","234343600","0","0","6","Configuration","RE Config","#"
"234343605","234343650","1","0","1","Dashboard","RE Dashboard","/Property/PropertyHome/Dashboard"
"234343681","234343650","1","0","2","Transactions Ledger","RE Txn Ledger","/Property/PropertyTransactions/Index"
"234343620","234343651","1","0","2","Property Registration","RE PropertyRegistration","/Property/PropertyRegistration/Index"
"234343621","234343651","1","0","3","Tenancy Contract","RE TenancyContract","/Property/TenancyContract/Index"
"234343622","234343651","1","0","5","Rental Invoice","RE Rental","/Property/Rental/Index"
"234343623","234343651","1","0","4","Rental Proforma","RE RentalProforma","/Property/RentalProforma/Index"
"234343625","234343651","1","0","8","Journal","RE Journal","/Property/PJournalV/Index"
"234343626","234343651","1","0","7","Payment","RE Payment","/Property/PPayment/Index"
"234343627","234343651","1","0","6","Receipt","RE Receipt","/Property/PReceipt/Index"
"234343665","234343651","1","0","9","Renewals & Expiry","RE Insight Renewals","/Property/PropertyInsights/Renewals"
"234343690","234343651","1","0","1","Overview","RE Leasing Hub","/Property/PropertyHome/LeasingHub"
"234343610","234343652","1","0","4","Landlords","RE Landlord","/Property/Landlords/Index"
"234343611","234343652","1","0","5","Tenant","RE Tenant","/Property/Tenant/Index"
"234343612","234343652","1","0","6","Developer","RE Developer","/Property/Developer/Index"
"234343613","234343652","1","0","8","Contractor","RE Contractor","/Property/Contractor/Index"
"234343614","234343652","1","0","7","Broker","RE Broker","/Property/Broker/Index"
"234343616","234343652","1","0","2","Property","RE Property","/Property/PropertyMain/"
"234343617","234343652","1","0","3","Units","RE Unit","/Property/Unit/"
"234343672","234343652","1","0","9","Availability Board","RE Insight Availability","/Property/PropertyInsights/Availability"
"234343673","234343652","1","0","10","Property Gallery","RE Insight Gallery","/Property/PropertyInsights/Gallery"
"234343691","234343652","1","0","1","Overview","RE Portfolio Hub","/Property/PropertyHome/PortfolioHub"
"234343624","234343653","1","0","2","Maintenance Contract","RE Maintenance","/Property/Maintenance/Index"
"234343636","234343653","1","0","6","Maintenance Report","RE Rpt Maintenance","/Property/PropertyReports/Maintance"
"234343661","234343653","1","0","4","Contractor Allocation","RE Insight Contractor","/Property/PropertyInsights/ContractorAllocation"
"234343674","234343653","1","0","3","Maintenance Calendar","RE Insight Calendar","/Property/PropertyInsights/MaintenanceCalendar"
"234343675","234343653","1","0","5","Expiry Reminders","RE Insight Reminders","/Property/PropertyInsights/Reminders"
"234343692","234343653","1","0","1","Overview","RE Maint Hub","/Property/PropertyHome/MaintenanceHub"
"234343695","234343653","1","0","7","Inspection Scheduler","RE Inspection","/Property/PropertyInsights/InspectionScheduler"
"234343630","234343654","1","0","2","Property Summary","RE Rpt Summary","/Property/PropertyReports/PropertySummery"
"234343631","234343654","1","0","3","Property Report","RE Rpt Property","/Property/PropertyReports/PropertyConsolidated"
"234343632","234343654","1","0","4","Property Based P&L","RE Rpt PL","/MyReports/PLSummaryProperty"
"234343633","234343654","1","0","5","Property Registration","RE Rpt Registration","/Property/PropertyReports/PropertyRegistration"
"234343634","234343654","1","0","6","Tenancy Contract","RE Rpt Tenancy","/Property/PropertyReports/TenancyContract"
"234343635","234343654","1","0","7","Rental Invoice","RE Rpt Rental","/Property/PropertyReports/RentalInvoice"
"234343660","234343654","1","0","12","Property P&L","RE Insight PL","/Property/PropertyInsights/ProfitLoss"
"234343662","234343654","1","0","20","Unit Insights","RE Insight Unit","/Property/PropertyInsights/UnitInsights"
"234343663","234343654","1","0","17","Portfolio Performance","RE Insight Performance","/Property/PropertyInsights/Performance"
"234343664","234343654","1","0","18","Portfolio by Location","RE Insight Location","/Property/PropertyInsights/Locations"
"234343666","234343654","1","0","13","Financial Trend","RE Insight Trend","/Property/PropertyInsights/FinancialTrend"
"234343667","234343654","1","0","15","Tenant Ledger","RE Insight Ledger","/Property/PropertyInsights/TenantLedger"
"234343668","234343654","1","0","16","Landlord Payout","RE Insight Payout","/Property/PropertyInsights/LandlordPayout"
"234343669","234343654","1","0","14","Rent Collection","RE Insight Collection","/Property/PropertyInsights/RentCollection"
"234343670","234343654","1","0","19","Property Comparison","RE Insight Compare","/Property/PropertyInsights/Comparison"
"234343671","234343654","1","0","21","Property 360","RE Insight Property360","/Property/PropertyInsights/Property360"
"234343682","234343654","1","0","8","Empty Units","RE Rpt EmptyUnits","/Property/PropertyReports/EmptyUnits"
"234343683","234343654","1","0","9","Income","RE Rpt Income","/Property/PropertyReports/Income"
"234343684","234343654","1","0","10","Rate of Return","RE Rpt RateReturn","/Property/PropertyReports/rateofreturn"
"234343685","234343654","1","0","11","Document Expiry","RE Rpt DocExpiry","/Property/PropertyReports/documentexpiry"
"234343693","234343654","1","0","1","Overview","RE Analytics Hub","/Property/PropertyHome/InsightsHub"
"234343615","234343655","1","0","2","Property Type","RE PropertyType","/Property/PropertyType/"
"234343640","234343655","1","0","6","Contract Type","RE ContractType","/Property/ContractType/Index"
"234343641","234343655","1","0","3","Unit Type","RE UnitType","/Property/UnitType/Index"
"234343642","234343655","1","0","4","Property Feature","RE PropertyFeature","/Property/PropertyFeature/Index"
"234343643","234343655","1","0","5","Unit Feature","RE UnitFeature","/Property/UnitFeature/Index"
"234343644","234343655","1","0","7","Contractor Type","RE ContractorType","/Property/ContractorType/Index"
"234343645","234343655","1","0","9","Duration","RE Duration","/Property/Duration/Index"
"234343646","234343655","1","0","8","Document Type","RE DocumentType","/Property/DocumentType/Index"
"234343647","234343655","1","0","10","Additional Field","RE AdditionalField","/Property/AdditionalField/Index"
"234343648","234343655","1","0","11","Property Settings","RE PropertySettings","/Property/PropertySettings/Index"
"234343694","234343655","1","0","1","Overview","RE Config Hub","/Property/PropertyHome/ConfigHub"
"234343705","234343700","1","0","1","Dashboard","EOS Dashboard","/Eos/Dashboard/Index"
"234343706","234343700","0","0","2","Masters","EOS Masters","#"
"234343707","234343700","0","0","3","Transactions","EOS Transactions","#"
"234343708","234343700","0","0","4","Reports","EOS Reports","#"
"234343799","234343700","1","0","99","EOS Manager","EOS Manager","#"
"234343710","234343706","1","0","1","Vision / V-TO","EOS Vision","/Eos/Vision/Index"
"234343711","234343706","1","0","2","Core Values","EOS Core Values","/Eos/CoreValue/Index"
"234343712","234343706","1","0","3","Core Focus","EOS Core Focus","/Eos/CoreFocus/Index"
"234343713","234343706","1","0","4","Quarterly Goals","EOS Quarterly Goals","/Eos/QuarterlyGoal/Index"
"234343714","234343706","1","0","5","Scorecard Setup","EOS Scorecard","/Eos/Scorecard/Index"
"234343715","234343706","1","0","6","Meeting Templates","EOS Meeting Templates","/Eos/MeetingTemplate/Index"
"234343720","234343707","1","0","1","Rocks","EOS Rocks","/Eos/Rock/Index"
"234343721","234343707","1","0","2","Weekly Scorecard","EOS Weekly Scorecard","/Eos/Scorecard/Weekly"
"234343722","234343707","1","0","3","Issues / IDS","EOS Issues","/Eos/Issue/Index"
"234343723","234343707","1","0","4","To-Dos","EOS To-Dos","/Eos/Todo/Index"
"234343724","234343707","1","0","5","Level-10 Meeting","EOS Level-10 Meeting","/Eos/Meeting/Index"
"234343730","234343708","1","0","1","Rock Completion","EOS Rock Completion","/Eos/Reports/RockCompletion"
"234343731","234343708","1","0","2","Scorecard Trend","EOS Scorecard Trend","/Eos/Reports/ScorecardTrend"
"234343732","234343708","1","0","3","Issues Aging","EOS Issues Aging","/Eos/Reports/IssuesAging"
"234343733","234343708","1","0","4","To-Do Aging","EOS To-Do Aging","/Eos/Reports/TodoAging"
"234343734","234343708","1","0","5","L10 Meeting Log","EOS Meeting Log","/Eos/Reports/MeetingLog"
